"uniprot_id";"description";"length";"sequence"
"A0A024RBG1";"Diphosphoinositol polyphosphate phosphohydrolase NUDT4B (DIPP-2B) (EC 3.6.1.52) (Nucleoside diphosphate-linked moiety X motif 4B) (Nudix motif 4B) (Nudix hydrolase 4B)";"181.0";"MMKFKPNQTRTYDREGFKKRAACLCFRSEQEDEVLLVSSSRYPDQWIVPGGGMEPEEEPGGAAVREVYEEAGVKGKLGRLLGIFEQNQDRKHRTYVYVLTVTEILEDWEDSVNIGRKREWFKVEDAIKVLQCHKPVHAEYLEKLKLGCSPANGNSTVPSLPDNNALFVTAAQTSGLPSSVR"
"A0A075B6H7";"Probable non-functional immunoglobulin kappa variable 3-7";"116.0";"MEAPAQLLFLLLLWLPDTTREIVMTQSPPTLSLSPGERVTLSCRASQSVSSSYLTWYQQKPGQAPRLLIYGASTRATSIPARFSGSGSGTDFTLTISSLQPEDFAVYYCQQDYNLP"
"A0A075B6H8";"Probable non-functional immunoglobulin kappa variable 1D-42";"117.0";"MDMRVPAQLLGLLLLWLPGVRFDIQMTQSPSFLSASVGDRVSIICWASEGISSNLAWYLQKPGKSPKLFLYDAKDLHPGVSSRFSGRGSGTDFTLTIISLKPEDFAAYYCKQDFSYP"
"A0A075B6H9";"Immunoglobulin lambda variable 4-69";"119.0";"MAWTPLLFLTLLLHCTGSLSQLVLTQSPSASASLGASVKLTCTLSSGHSSYAIAWHQQQPEKGPRYLMKLNSDGSHSKGDGIPDRFSGSSSGAERYLTISSLQSEDEADYYCQTWGTGI"
"A0A075B6I0";"Immunoglobulin lambda variable 8-61";"122.0";"MSVPTMAWMMLLLGLLAYGSGVDSQTVVTQEPSFSVSPGGTVTLTCGLSSGSVSTSYYPSWYQQTPGQAPRTLIYSTNTRSSGVPDRFSGSILGNKAALTITGAQADDESDYYCVLYMGSGI"
"A0A075B6I1";"Immunoglobulin lambda variable 4-60";"120.0";"MAWTPLLLLFPLLLHCTGSLSQPVLTQSSSASASLGSSVKLTCTLSSGHSSYIIAWHQQQPGKAPRYLMKLEGSGSYNKGSGVPDRFSGSSSGADRYLTISNLQFEDEADYYCETWDSNT"
"A0A075B6I3";"Probable non-functional immunoglobulin lambda variable 11-55";"123.0";"MALTPLLLLLLSHCTGSLSRPVLTQPPSLSASPGATARLPCTLSSDLSVGGKNMFWYQQKLGSSPRLFLYHYSDSDKQLGPGVPSRVSGSKETSSNTAFLLISGLQPEDEADYYCQVYESSAN"
"A0A075B6I6";"Probable non-functional immunoglobulin lambda variable 1-50";"118.0";"MAWSSLLLTLLAHCTGSWAQSVLTQPPSVSGAPGQRVTISCTGSSSNIGAGYVVHWYQQLPGTAPKLLIYGNSNRPSGVPDQFSGSKSGTSASLAITGLQSEDEADYYCKAWDNSLNA"
"A0A075B6I7";"Probable non-functional immunoglobulin lambda variable 5-48";"105.0";"MAWTPLLLLFLSHCTGSLSQAVLTQPTSLSASPGASARLTCTLRSGISVGSYRIYWYQQKPGSPPRYLLNYYSDSDKHQGSGVPSRFSGSKDASTNAGILFISGL"
"A0A075B6I9";"Immunoglobulin lambda variable 7-46";"117.0";"MAWTPLFLFLLTCCPGSNSQAVVTQEPSLTVSPGGTVTLTCGSSTGAVTSGHYPYWFQQKPGQAPRTLIYDTSNKHSWTPARFSGSLLGGKAALTLLGAQPEDEAEYYCLLSYSGAR"
"A0A075B6J1";"Immunoglobulin lambda variable 5-37";"123.0";"MAWTPLLLLLLSHCTGSLSQPVLTQPPSSSASPGESARLTCTLPSDINVGSYNIYWYQQKPGSPPRYLLYYYSDSDKGQGSGVPSRFSGSKDASANTGILLISGLQSEDEADYYCMIWPSNAS"
"A0A075B6J2";"Probable non-functional immunoglobulin lambda variable 2-33";"118.0";"MAWALLLLTLLTQGTGSWAQSALTQPPFVSGAPGQSVTISCTGTSSDVGDYDHVFWYQKRLSTTSRLLIYNVNTRPSGISDLFSGSKSGNMASLTISGLKSEVEANYHCSLYSSSYTF"
"A0A075B6J6";"Immunoglobulin lambda variable 3-22";"115.0";"MAWATLLLPLLNLYTGSVASYELTQLPSVSVSPGQTARITCSGDVLGENYADWYQQKPGQAPELVIYEDSERYPGIPERFSGSTSGNTTTLTISRVLTEDEADYYCLSGDEDNPS"
"A0A075B6J9";"Immunoglobulin lambda variable 2-18";"118.0";"MAWALLLLTLLTQGTGSWAQSALTQPPSVSGSPGQSVTISCTGTSSDVGSYNRVSWYQQPPGTAPKLMIYEVSNRPSGVPDRFSGSKSGNTASLTISGLQAEDEADYYCSLYTSSSTF"
"A0A075B6K0";"Immunoglobulin lambda variable 3-16";"115.0";"MAWIPLLLPLLTLCTGSEASYELTQPPSVSVSLGQMARITCSGEALPKKYAYWYQQKPGQFPVLVIYKDSERPSGIPERFSGSSSGTIVTLTISGVQAEDEADYYCLSADSSGTY"
"A0A075B6K2";"Immunoglobulin lambda variable 3-12";"115.0";"MAWTPLLLSLLAHCTGSATSYELTQPHSVSVATAQMARITCGGNNIGSKAVHWYQQKPGQDPVLVIYSDSNRPSGIPERFSGSNPGNTATLTISRIEAGDEADYYCQVWDSSSDH"
"A0A075B6K4";"Immunoglobulin lambda variable 3-10";"115.0";"MAWTPLLLPLLTFCTVSEASYELTQPPSVSVSPGQTARITCSGDALPKKYAYWYQQKSGQAPVLVIYEDSKRPSGIPERFSGSSSGTMATLTISGAQVEDEADYYCYSTDSSGNH"
"A0A075B6K5";"Immunoglobulin lambda variable 3-9";"115.0";"MAWTALLLSLLAHFTGSVASYELTQPLSVSVALGQTARITCGGNNIGSKNVHWYQQKPGQAPVLVIYRDSNRPSGIPERFSGSNSGNTATLTISRAQAGDEADYYCQVWDSSTAH"
"A0A075B6K6";"Immunoglobulin lambda variable 4-3";"122.0";"MAWVSFYLLPFIFSTGLCALPVLTQPPSASALLGASIKLTCTLSSEHSTYTIEWYQQRPGRSPQYIMKVKSDGSHSKGDGIPDRFMGSSSGADRYLTFSNLQSDDEAEYHCGESHTIDGQVG"
"A0A075B6N1";"T cell receptor beta variable 19";"114.0";"MSNQVLCCVVLCLLGANTVDGGITQSPKYLFRKEGQNVTLSCEQNLNHDAMYWYRQDPGQGLRLIYYSQIVNDFQKGDIAEGYSVSREKKESFPLTVTSAQKNPTAFYLCASSI"
"A0A075B6Q5";"Immunoglobulin heavy variable 3-64";"118.0";"MMEFGLSWVFLVAIFKGVQCEVQLVESGEGLVQPGGSLRLSCAASGFTFSSYAMHWVRQAPGKGLEYVSAISSNGGSTYYADSVKGRFTISRDNSKNTLYLQMGSLRAEDMAVYYCAR"
"A0A075B6R2";"Immunoglobulin heavy variable 4-4";"117.0";"MKHLWFFLLLVAAPRWVLSQVQLQESGPGLVKPSGTLSLTCAVSGGSISSSNWWSWVRQPPGKGLEWIGEIYHSGSTNYNPSLKSRVTISVDKSKNQFSLKLSSVTAADTAVYYCAR"
"A0A075B6R9";"Probable non-functional immunoglobulin kappa variable 2D-24";"120.0";"MRLLAQLLGLLMLWVPGSSGDIVMTQTPLSSPVTLGQPASISFRSSQSLVHSDGNTYLSWLQQRPGQPPRLLIYKVSNRFSGVPDRFSGSGAGTDFTLKISRVEAEDVGVYYCTQATQFP"
"A0A075B6S4";"Immunoglobulin kappa variable 1D-17";"117.0";"MDMRVPAQLLGLLLLWFPGARCNIQMTQSPSAMSASVGDRVTITCRARQGISNYLAWFQQKPGKVPKHLIYAASSLQSGVPSRFSGSGSGTEFTLTISSLQPEDFATYYCLQHNSYP"
"A0A075B6S5";"Immunoglobulin kappa variable 1-27";"117.0";"MDMRVPAQLLGLLLLWLPDTRCDIQMTQSPSSLSASVGDRVTITCRASQGISNYLAWYQQKPGKVPKLLIYAASTLQSGVPSRFSGSGSGTDFTLTISSLQPEDVATYYCQKYNSAP"
"A0A075B6S6";"Immunoglobulin kappa variable 2D-30";"120.0";"MRLPAQLLGLLMLWVPGSSGDVVMTQSPLSLPVTLGQPASISCRSSQSLVYSDGNTYLNWFQQRPGQSPRRLIYKVSNWDSGVPDRFSGSGSGTDFTLKISRVEAEDVGVYYCMQGTHWP"
"A0A075B6T6";"T cell receptor alpha variable 12-2";"113.0";"MKSLRVLLVILWLQLSWVWSQQKEVEQNSGPLSVPEGAIASLNCTYSDRGSQSFFWYRQYSGKSPELIMFIYSNGDKEDGRFTAQLNKASQYVSLLIRDSQPSDSATYLCAVN"
"A0A075B6V5";"T cell receptor alpha variable 36/delta variable 7";"113.0";"MMKCPQALLAIFWLLLSWVSSEDKVVQSPLSLVVHEGDTVTLNCSYEVTNFRSLLWYKQEKKAPTFLFMLTSSGIEKKSGRLSSILDKKELFSILNITATQTGDSAIYLCAVE"
"A0A075B6X5";"T cell receptor alpha variable 18";"111.0";"MLSASCSGLVILLIFRRTSGDSVTQTEGPVTLPERAALTLNCTYQSSYSTFLFWYVQYLNKEPELLLKSSENQETDSRGFQASPIKSDSSFHLEKPSVQLSDSAVYYCALR"
"A0A075B767";"Peptidyl-prolyl cis-trans isomerase A-like 4H (PPIase A-like 4H) (EC 5.2.1.8)";"164.0";"MVNSVVFFDITVDGKPLGRISIKLFADKIPKTAENFRALSTGEKGFRYKGSCFHRIIPGFMCQGGDFTRPNGTDDKSIYGEKFDDENLIRKHTGSGILSMVNAGPNTNGSQLFICTAKTEWLDGKHVAFGKVKERVNIVEAMEHFGYRNSKTSKKITIADCGQF"
"A0A087WSY4";"Immunoglobulin heavy variable 4-30-2";"118.0";"MKHLWFFLLLVAAPRWVLSQLQLQESGSGLVKPSQTLSLTCAVSGGSISSGGYSWSWIRQPPGKGLEWIGYIYHSGSTYYNPSLKSRVTISVDRSKNQFSLKLSSVTAADTAVYYCAR"
"A0A087WSY6";"Immunoglobulin kappa variable 3D-15";"115.0";"MEAPAQLLFLLLLWLPDTTGEIVMTQSPATLSVSPGERATLSCRASQSVSSNLAWYQQKPGQAPRLLIYGASIRATGIPARFSGSGSGTEFTLTISILQSEDFAVYYCQQYNNWP"
"A0A087WSZ9";"T cell receptor alpha variable 30";"112.0";"METLLKVLSGTLLWQLTWVRSQQPVQSPQAVILREGEDAVINCSSSKALYSVHWYRQKHGEAPVFLMILLKGGEQKGHDKISASFNEKKQQSSLYLTASQLSYSGTYFCGTE"
"A0A087WT03";"T cell receptor alpha variable 26-1";"109.0";"MRLVARVTVFLTFGTIIDAKTTQPTSMDCAEGRAANLPCNHSTISGNEYVYWYRQIHSQGPQYIIHGLKNNETNEMASLIITEDRKSSTLILPHATLRDTAVYYCIVRV"
"A0A087WTH1";"Transmembrane protein 265";"108.0";"MEDEEKAVEILGNTEAAHPPSPIRCCWLRLRCLAATSIICGCSCLGVMALVFAIKAEERHKAGRSEEAVRWGARARKLILASFAVWLAVLILGPLLLWLLSYAIAQAE"
"A0A087WUL8";"Neuroblastoma breakpoint family member 19";"3843.0";"MVVSAGPWSSEKAEMNILEINETLRPQLAEKKQQFRNLKEKCFLTQLAGFLANRQKKYKYEECKDLIKFMLRNERQFKEEKLAEQLKQAEELRQYKVLFHSQERELTQLREKLREGRDASRSLNEHLQALLTPDEPDKSQGQDLQEQLAEGCRLAQHLVQKLSPENDNDDDEDVQVEVAEKVQKSSAPREMQKAEEKEVPEDSLEECAITYSNSHGPYDSNQPHRKTKITFEEDKVDSTLIGSSSHVEWEDAVHIIPENESDDEEEEEKGPVSPRNLQESEEEEVPQESWDEGYSTLSIPPEMLASYQSYSSTFHSLEEQQVCMAVDIGRHRWDQVKKEDQEATGPRLSRELLDEKGPEVLQDSLDRCYSTPSGCLELTDSCQPYRSAFYVLEQQRVGLAIDMDEIEKYQEVEEDQDPSCPRLSRELLDEKEPEVLQDSLDRCYSIPSGYLELPDLGQPYSSAVYSLEEQYLGLALDVDRIKKDQEEEEDQDPPCPRLSRELVEVVEPEVLQDSLDRCYSTPSSCLEQPDSCQPYGSSFYALEEKHVGFSLDVGEIEKKGKGKKRRGRRSKKERRRGRKEGEEDQNPPCPRLSRELLDEKGPEVLQDSLDRCYSTPSGCLELTDSCQPYRSAFYILEQQCVGLAVDMDEIEKYQEVEEDQDPSCPRLSRELLDEKEPEVLQDSLDRCYSIPSGYLELPDLGQPYSSAVYSLEEQYLGLALDVDRIKKDQEEEEDQDPPCPRLSRELVEVVEPEVLQDSLDRCYSTPSSCLEQPDSCQPYGSSFYALEEKHVGFSLDVGEIEKKGKGKKRRGRRSKKERRRGRKEGEEDQNPPCPRLSRELLDEKGPEVLQDSLDRCYSTPSGCLELTDSCQPYRSAFYILEQQCVGLAIDMDEIEKYQEVEEDQDPSCPRLSRELLDEKEPEVLQDSLDRCYSIPSGYLELPDLGQPYSSAVYSLEEQYLGLALDVDRIKKDQEEEEDQDPPCPRLSRELVEVVEPEVLQDSLDRCYSTPSSCLEQPDSCQPYGSSFYALEEKHVGFSLDVGEIEKKGKGKKRRGRRSKKERRRGRKEGEEDQNPPCPRLSRELLDEKGPEVLQDSLDRCYSTPSGCLELTDSCQPYRSAFYILEQQCVGLAVDMDEIEKYQEVEEDQDPSCPRLSRELLDEKEPEVLQDSLDRCYSIPSGYLELPDLGQPYSSAVYSLEEQYLGLALDVDRIKKDQEEEEDQDPPCPRLSRELVEVVEPEVLQDSLDRCYSTPSSCLEQPDSCQPYGSSFYALEEKHVGFSLDVGEIEKKGKGKKRRGRRSKKERRRGRKEGEEDQNPPCPRLSRELLDEKGPEVLQDSLDRCYSTPSGCLELTDSCQPYRSAFYILEQQCVGLAVDMDEIEKYQEVEEDQDPSCPRLSRELLDEKEPEVLQDSLDRCYSIPSGYLELPDLGQPYSSAVYSLEEQYLGLALDVDRIKKDQEEEEDQDPPCPRLSRELVEVVEPEVLQDSLDRCYSTPSSCLEQPDSCQPYGSSFYALEEKHVGFSLDVGEIEKKGKGKKRRGRRSKKERRRGRKEGEEDQNPPCPRLSRELLDEKGPEVLQDSLDRCYSTPSGCLELTDSCQPYRSAFYILEQQCVGLAVDMDEIEKYQEVEEDQDPSCPRLSRELLDEKEPEVLQDSLDRCYSIPSGYLELPDLGQPYSSAVYSLEEQYLGLALDVDRIKKDQEEEEDQDPPCPRLSRELLEVVEPEVLQDSLDRCYSTPSSCLEQPDSCQPYGSSFYALEEKHVGFSLDVGEIEKKGKGKKRRGRRSKKERRRGRKEGEEDQNPPCPRLSRELLDEKGPEVLQDSLDRCYSTPSGCLELTDSCQPYRSAFYILEQQCVGLAVDMDEIEKYQEVEEDQDPSCPRLSRELLDEKEPEVLQDSLDRCYSTPSGYLELPDLGQPYSSAVYSLEEQYLGLALDVDRIKKDQEEEEDQGPPCPRLSRELLEVVEPEVLQDSLDRCYSTPSSCLEQPDSCQPYGSSFYALEEKHVGFSLDVGEIEKKGKGKKRRGRRSKKERRRGRKEGEEDQNPPCPRLSRELLDEKGPEVLQDSLDRCYSTPSGCLELTDSCQPYRSAFYILEQQCVGLAVDMDEIEKYQEVEEDQDPSCPRLSRELLDEKEPEVLQDSLDRCYSTPSGYLELPDLGQPYSSAVYSLEEQYLGLALDVDRIKKDQEEEEDQGPPCPRLSRELLEVVEPEVLQDSLDRCYSTPSSCLEQPDSCQPYGSSFYALEEKHVGFSLDVGEIEKKGKGKKRRGRRSKKERRRGRKEGEEDQNPPCPRLSRELLDEKGPEVLQDSLDRCYSTPSGCLELTDSCQPYRSAFYILEQQCVGLAVDMDEIEKYQEVEEDQDPSCPRLSRELLDEKEPEVLQDSLDRCYSTPSGYLELPDLGQPYSSAVYSLEEQYLGLALDVDRIKKDQEEEEDQGPPCPRLSRELLEVVEPEVLQDSLDRCYSTPSSCLEQPDSCQPYGSSFYALEEKHVGFSLDVGEIEKKGKGKKRRGRRSKKERRRGRKEGEEDQNPPCPRLSRELLDEKGPEVLQDSLDRCYSTPSGCLELTDSCQPYRSAFYILEQQCVGLAVDMDEIEKYQEVEEDQDPSCPRLSRELLDEKEPEVLQDSLDRCYSTPSGYLELPDLGQPYSSAVYSLEEQYLGLALDVDRIKKDQEEEEDQGPPCPRLSRELLEVVEPEVLQDSLDRCYSTPSSCLEQPDSCQPYGSSFYALEEKHVGFSLDVGEIEKKGKGKKRRGRRSKKERRRGRKEGEEDQNPPCPRLSRELLDEKGPEVLQDSLDRCYSTPSGCLELTDSCQPYRSAFYILEQQCVGLAVDMDEIEKYQEVEEDQDPSCPRLSRELLDEKEPEVLQDSLDRCYSTPSGYLELPDLGQPYSSAVYSLEEQYLGLALDVDRIKKDQEEEEDQGPPCPRLSRELLEVVEPEVLQDSLDRCYSTPSSCLEQPDSCQPYGSSFYALEEKHVGFSLDVGEIEKKGKGKKRRGRRSKKERRRGRKEGEEDQNPPCPRLSRELLDEKGPEVLQDSLDRCYSTPSGCLELTDSCQPYRSAFYILEQQCVGLAVDMDEIEKYQEVEEDQDPSCPRLSRELLAEKEPEVLQDPLDRCYSTPSGYLELPDLGQPYSSAVYSLEEQYLGLALDVDRIKKDQEEEEDQGPPCPRLSRELLEVVEPEVLQDSLDRCYSTPSSCLEQPDSCQPYGSSFYALEEKHVGFSLDVGEIEKKGKGKKRRGRRSKKERRRGRKEGEEDQNPPCPRLSRELLDEKGPEVLQDSLDRCYSTPSGCLELTDSCQPYRSAFYILEQQCVGLAVDMDEIEKYQEVEEDQDPSCPRLSRELLAEKEPEVLQDPLDRCYSTPSGYLELPDLGQPYSSAVYSLEEQYLGLALDVDRIKKDQEEEEDQGPPCPRLSRELLEVVEPEVLQDSLDRCYSTPSSCLEQPDSCQPYGSSFYALEEKHVGFSLDVGEIEKKGKGKKRRGRRSKKERRRGRKEGEEDQNPPCPRLSRELLDEKGPEVLQDSLDRCYSTPSGCLELTDSCQPYRSAFYILEQQCVGLAVDMDEIEKYQEVEEDQDPSCPRLSRELLAEKEPEVLQDPLDRCYSTPSGYLELPDLGQPYSSAVYSLEEQYLGLALDVDRIKKDQEEEEDQGPPCPRLSRELLEVVEPEVLQDSLDRCYSTPSSCLEQPDSCQPYGSSFYALEEKHVGFSLDVGEIEKKGKGKKRRGRRSKKERRRGRKEGEEDQNPPCPRLNSVLMEVEEPEVLQDSLDGCYSTPSMYFELPDSFQHYRSVFYSFEEEHISFALYLDNRFFTLTVTSLHLVFQMLVIFPQ"
"A0A087WV62";"T cell receptor beta variable 16";"115.0";"MSPIFTCITILCLLAAGSPGEEVAQTPKHLVRGEGQKAKLYCAPIKGHSYVFWYQQVLKNEFKFLISFQNENVFDETGMPKERFSAKCLPNSPCSLEIQATKLEDSAVYFCASSQ"
"A0A087X179";"TBC1 domain family member 3E";"549.0";"MDVVEVAGSWWAQEREDIIMKYEKGHRAGLPEDKGPKPFRSYNNNVDHLGIVHETELPPLTAREAKQIRREISRKSKWVDMLGDWEKYKSSRKLIDQAYKGMPMNIRGPMWSVLLNTEEMKLKNPGRYQIMKEKGKKSSEHIQRIDRDVSGTLRKHIFFRDRYGTKQRELLHILLAYEEYNPEVGYCRDLSHIAALFLLYLPEEDAFWALVQLLASERHSLQGFHSPNGGTVQGLQDQQEHVVATSQPKTMGHQDKKDLCGQCSPLGCLIRILIDGISLGLTLRLWDVYLVEGEQALMPITRIAFKVQQKRLTKTSRCGPWARFCNRFVDTWARDEDTVLKHLRASMKKLTRKKGDLPPPAKPEQGSSASRPVPASRGGKTLCKGDRQAPPGPPARFPRPIWSASPPRAPRSSTPCPGGAVREDTYPVGTQGVPSPALAQGGPQGSWRFLQWNSMPRLPTDLDVEGPWFRHYDFRQSCWVRAISQEDQLAPCWQAEHPAERVRSAFAAPSTDSDQGTPFRARDEQQCAPTSGPCLCGLHLESSQFPPGF"
"A0A096LNP1";"Beta-defensin 131B (Defensin, beta 131)";"70.0";"MRVLFFVFGVLSLMSTVPPTRSFTSNDECPSEYYHCRLKCNADEHAIRYCADFSICCKLKIIQIDGQKKW"
